[
    {
        "lang": "en",
        "Email": "Email",
        "Login": "Login",
        "Loginwithsocial": "Login with social",
        "Signup": "Signup",
        "Register ": "Register",
        "Enteremail": "Enter email",
        "EnterPassword": "Enter Password",
        "ConfirmPassword": "Confirm Password",
        "EnterPhoneNumber": "Enter Phone Number",
        "Day": "Day",
        "Month": "Month",
        "Year": "Year",
        "cricket": "Cricket",
        "soccer": "Soccer",
        "tennis": "Tennis",
        "all": "All",
        "inplay": "In-Play",
        "today": "Today",
        "tomorrow": "Tomorrow",
        "leagues": "Leagues",
        "sports": "Sports",
        "live": "Live",
        "table": "Table",
        "slot": "Slot",
        "fishing": "Fishing",
        "parlay": "Parlay",
        "xpg": "XPG",
        "myprofile": "My Profile",
        "balanceoverview": "Balance Overview",
        "currentbets": "Current Bets",
        "betshistory": "Bets History",
        "profitandloss": "Profit & Loss",
        "activitylog": "Active Log",
        "setting": "Setting",
        "logout": "Logout",
        "withdrawaldetails": "Withdrawal Details",
        "dispute": "Dispute",
        "feedback": "Feedback",
        "casinobets": "Casino Bets",
        "supernovacasinobet": "Supernova Casino Bets",
        "slotcasinobets": "Slot Casino Bets",
        "catalog": "Catalog",
        "latest": "Latest",
        "az": "A-Z",
        "showmore": "Show More",
        "timezone": "Time Zone",
        "home": "Home",
        "casino": "Casino",
        "mybet": "My Bets",
        "back": "Back",
        "lay": "Lay",
        "gameshow": "Game Shows",
        "popular": "Popular",
        "yourbalance": "Your Balances",
        "balance": "Balance",
        "withdraw": "Withdraw",
        "deposit": "Deposit",
        "exchange": "Exchange",
        "fancybet": "Fancybet",
        "bookmaker": "Bookmaker",
        "sportsbook": "Sportsbook",
        "binary": "Binary",
        "orderby": "Order By",
        "betplaced": "Bet Placed",
        "submit": "Submit",
        "last7day": "Last 7 Days",
        "nodata": "No Data",
        "ipadress": "IP Address",
        "during": "During",
        "fromyesterday": "From Yesterday",
        "loginstatus": "Login Status",
        "loginsuccess": "Login Success",
        "isp": "ISP",
        "citystatecountry": "City/State/Country",
        "firstname": "First Name",
        "lastname": "Last Name",
        "contact": "Contact Number",
        "pasword": "Password",
        "subject": "Subject",
        "desciption": "Desciption",
        "bankdetail": "Bank Details",
        "add": "Add",
        "addyourbankaccount": "Add Your Bank Account",
        "selectbank": "Select Bank",
        "accountnumber": "Account Number",
        "ifsc": "IFSC",
        "accountholdername": "Account Holder Name",
        "close": "CLOSE",
        "save": "SAVE",
        "addbankmandatory": "Adding Bank Details is mandatory for processing withdrawals.",
        "depositcoin": "Deposit coins",
        "enteramount": "Enter Amount",
        "addwinthdrow": "Add Withdrawal Details",
        "addwinthdrowmessage": "Please add your withdrawal details first.",
        "ok": "OK",
        "odds": "Odds",
        "stake": "Stake",
        "min": "Min",
        "max": "Max",
        "placebet": "Placebet",
        "matched": "Matched",
        "scoreboard": "Scoreboard",
        "no": "No",
        "yes": "Yes",
        "password": "Password",
        "login": "Login",
        "loginwithsocial": "Login with social",
        "signup": "Signup",
        "register": "Register",
        "enteremail": "Enter email",
        "enterpassword": "Enter Password",
        "confirmpassword": "Confirm Password",
        "enterphoneno": "Enter phone number",
        "daymonthyear": "Day/month/year",
        "enteremailusername": "Email adress or username",
        "day": "Day",
        "month": "Month",
        "year": "Year",
        "confirm": "I confirm that I am at least 18 years of age, and accept the",
        "termandcondition": "Terms & Conditions",
        "responsiblegambling": "Responsible Gaming",
        "gamecare": " GamCare",
        "and": "And",
        "gamblingTherapy": "GamblingTherapy",
        "invalidemail": "Email is Invalid",
        "invalidpassword": "Password is Invalid",
        "least8charc": "Password must be at least 8 characters",
        "invalidcinformpass": "Confirm Password is Invalid",
        "mustmatchpassword": "Password Must Match",
        "invalidphonenumber": "Phone Number is Invalid",
        "invalidDOB": "Date of birth is Invalid",
        "invalidDOM": "Date of month is Invalid",
        "invalidDOY": "Date of year is Invalid",
        "checkTC": "Please check Terms & Conditions",
        "requiredphonenumber": "Phone Number is Required",
        "requiredOTP": "OTP is Required",
        "requiredemail": "Email or Username is required",
        "username": "Username",
        "validationcode": "Validation Code",
        "usernameconnotempty": "username cannot be empty",
        "passwordconnotempty": "password cannot be empty",
        "validationconnotempty": "Validation cannot be empty",
        "changepass": "Change Password",
        "newpass": "New Password",
        "newcinfrompass": "New Passowrd Confirm",
        "yourpass": "Your Password",
        "change": "Change",
        "diamond": "Diamond",
        "aura": "Aura",
        "poker": "Poker",
        "slots": "Slots",
        "sexy": "SEXY",
        "pp": "PP",
        "venus": "VENUS",
        "kingmaker": "Kingmaker",
        "jili": "JILI",
        "jdp": "JDP",
        "fc": "FC",
        "cardandboard": "Card and Board",
        "Usernameisempty": "Username is empty",
        "passwordisempty": "password is empty",
        "Loading": "Loading...",
        "Disclaimer": "Disclaimer : Please note that Gambling involves a financial risk and could be addictive over time if not practised within limits. Only 18+ people should use the services and should use it responsibly. Players should be aware of any financial risk and govern themselves accordingly.",
        "Browservirsion": "Our website works best in the latest and latest previous versions of these browsers:Google Order. Firefox",
        "poweredby": "Powered by",
        "MainBalance": "Main Balance",
        "Exposure": "Exposure",
        "myaccount": "My Account",
        "Accountstatement": "Account statement",
        "DwRequests": "D/w Requests",
        "OneClickBet": "One Click Bet",
        "InternationalCasino": "International Casino",
        "Aura": "Indian Casino",
        "Betgames": "Betgames",
        "Twain": "Twain",
        "Sportbook": "Sportbook",
        "Sportbooks": "Sportbooks",
        "OtherGames": "Other Games",
        "M8Sport": "M8 Sport",
        "WSSport": "WS Sport",
        "othersports": "Other Sports",
        "HorseRacing": "Horse Racing",
        "GreyHoundRacing": "GreyHound Racing",
        "ExchangeGames": "Exchange-Games",
        "Interface": "Interface",
        "SKYInterface": "SKY Interface",
        "DiamondInterface": "Diamond Interface",
        "LotusInterface": "Lotus Interface",
        "LcInterface": "Lc Interface",
        "Highlight": "Highlight",
        "News": "News",
        "multimarkets": "Multi Markets",
        "birthday": "Birthday",
        "address": "Address",
        "towncity": "Town/City",
        "country": "Country",
        "countrystate": "Country/State",
        "postcode": "Postcode",
        "contactdetails": "Contact Details",
        "primarynumber": "Primary number",
        "currency": "Currency",
        "commission": "Commission",
        "welcome": "Welcome",
        "Viewyouraccountdetailshere": "View your account details here. You can manage funds, review and change your settings and see the performance of your betting activity",
        "date": "Date",
        "debits": "Debits",
        "credits": "Credits",
        "fromto": "From/To",
        "next": "Next",
        "comingup": "Coming Up",
        "dayafter": "Day After",
        "noracesavailableyet": "No races available yet",
        "race19in7min": "Races 19 (Next in 7 mins)",
        "betstatus": "Bet Status",
        "unmatched": "Unmatched",
        "market": "Market",
        "selection": "Selection",
        "type": "Type",
        "betid": "Bet ID",
        "avgoddsmatched": "Avg. odds matched",
        "datematched": "Date matched",
        "matchodds": "Match Odds",
        "Youhavenobetsinthistimeperiod": "You have no bets in this time period",
        "gethistory": "Get History",
        "period": "Period",
        "loss": "Loss",
        "casinoprofit": "Casino Profit",
        "casinobetshistory": "Casino Bets History ",
        "justfortoday": "Just For Today",
        "last7days": "Last 7 Days",
        "last30days": "Last 30 Days",
        "last2months": "Last 2 Months",
        "last3months": "Last 3 Months",
        "event": "Event",
        "betsettled": "Bet_Settled",
        "profitloss": "Profit/Loss",
        "bethistoryenableyou": "Betting History enables you to review the bets you have placed.",
        "specifythetimeperiodduringwhichyour": "Specify the time period during which your bets were placed,the type of markets on which the bets were placed, and the sport.",
        "bettinghistoryisavailableonlineforthepast30days": "Betting History is available online for the past 30 days",
        "accountdetails": "Account Details",
        "aboutyou": "About You",
        "edit": "Edit",
        "languages": "Languages",
        "english": "English",
        "bangla": "Bangala",
        "oddsformat": "Odds Format",
        "commcharged": "Comm charged",
        "summary": "Summary",
        "transaction": "Transaction",
        "remarks": "Remarks",
        "getstatement": "Get Statement",
        "datetime": "Date/Time",
        "liability": "Liability",
        "oddsmatched": "Odds matched",
        "oddsreq": "Odds req.",
        "pokerreport": "Poker Reports",
        "betamount": "Bet Amount",
        "logindate": "Login Date",
        "time": "Time",
        "slotbets": "Slot Bets",
        "slotbetshistory": "Slot Bets History",
        "slotprofit": "Slot Profit",
        "totalpl": "Total P/L",
        "starttime": "Start Time",
        "settleddate": "Settled Date",
        "placed": "Placed",
        "totalstakes": "Total Stakes",
        "yessubtotal": "Yes Subtotal",
        "nosubtotal": "No Subtotal",
        "rebate": "Rebate",
        "marketsubtotal": "Market subtotal",
        "netmarkettotal": "Net Market Total",
        "mainwallet": "Main Wallet",
        "betprofit": "Bet Profit",
        "lossenablesyoutoreview": "Loss enables you to review the bets you have placed.",
        "selectlanguage": "Select language",
        "pokerbalance": "Poker Balance",
        "recall": "Recall",
        "casinobalance": "Casino Balance",
        "housebalance": "House Balance",
        "default": "Default",
        "highlightwhenoddschanges": "Highlight When Odds Changes",
        "requesttype": "Request Type",
        "selecttype": "Select Type",
        "requeststatus": "Request Status",
        "selectstatus": "Select Status",
        "getrequest": "Get Request",
        "referenceno": "Reference No.",
        "status": "Status",
        "paymentmethod": "Payment Method",
        "newpassowrdrequired": "New Password is required",
        "newpassmustbe5charlong": "The New Password field must be at least 5 characters in length.",
        "newpassconfirm": "New Password Confirm",
        "newpassrequired": "New Password is required.",
        "newpassandretypepasssame": "New password and retype password should be same !",
        "oldpassrequired": "Old Password is required.",
        "settled": "Settled",
        "slotsbets": "Slots Bets",
        "voided": "Voided",
        "usercancel": "User Cancel",
        "skyexchange": "SKYEXCHANGE",
        "addbankdetails": "Add Bank Details",
        "AccountHolder": "Account Holder",
        "bankname": "Bank Name",
        "confirmation": "Confirmation",
        "selectprovider": "Select Provider",
        "addingupidetailsismandatoryforprocessing": "Adding UPI Details is mandatory for processing withdrawals.",
        "addyourupi": "Add Your UPI",
        "name": "Name",
        "addupidetails": "Add UPI Details",
        "upidetails": "UPI Details",
        "spanish":"Spanish"
    },
    {
        "lang": "sp",
        "Email": "Correo electrónico",
        "Login": "inicio  sesión",
        "Loginwithsocial": "Iniciar sesión con redes sociales",
        "Signup": "Inscribirse",
        "Register ": "Registro",
        "Enteremail": "Ingresar Correo electrónico",
        "EnterPassword": "Ingresar Contraseña",
        "ConfirmPassword": "confirmar Contraseña",
        "EnterPhoneNumber": "Ingresar Número de teléfono",
        "Day": "día",
        "Month": "Mes",
        "Year": "Año",
        "cricket": "Grillo",
        "soccer": "Fútbol",
        "tennis": "Tenis",
        "all": "Todo",
        "inplay": "En juego",
        "today": "hoy",
        "tomorrow": "mañana",
        "leagues": "ligas",
        "sports": "Deportes",
        "live": "Vivir",
        "table": "Table",
        "slot": "Ranura",
        "fishing": "pesca",
        "parlay": "incrementar dinero en apuestas",
        "xpg": "XPG",
        "myprofile": "Mi perfil",
        "balanceoverview": "resumen de saldo",
        "currentbets": "Apuestas Actuales",
        "betshistory": "Historial de apuestas",
        "profitandloss": "Pérdida de beneficios",
        "activitylog": "Registro de actividades",
        "setting": "Ajustes",
        "logout": "CERRAR SESIÓN",
        "withdrawaldetails": "detalles de retiro",
        "dispute": "Disputar",
        "feedback": "comentario",
        "casinobets": "Apuestas de casino",
        "supernovacasinobet": "Supernova Apuestas de casino",
        "slotcasinobets": "ranura apuestas de casino",
        "catalog": "catalogar",
        "latest": "el último",
        "az": "A-Z",
        "showmore": "mostrar más",
        "timezone": "zona horaria",
        "home": "Hogar",
        "casino": "Casino",
        "mybet": "mis apuestas",
        "back": "Back",
        "lay": "Lay",
        "gameshow": "Programas de juegos",
        "popular": "Popular",
        "yourbalance": "Tus saldos",
        "balance": "principal",
        "withdraw": "Retirar",
        "deposit": "Depósito",
        "exchange": "Intercambio",
        "fancybet": "Apuesta elegante",
        "bookmaker": "Corredor de apuestas",
        "sportsbook": "casa de apuestas",
        "binary": "Binario",
        "orderby": "Order By",
        "betplaced": "Bet Placed",
        "submit": "Entregar",
        "last7day": "Los últimos 7 días",
        "nodata": "No Data",
        "ipadress": "Dirección IP",
        "during": "During",
        "fromyesterday": "De ayer",
        "loginstatus": "Estado de inicio de sesión",
        "loginsuccess": "Acceso exitoso",
        "isp": "ISP",
        "citystatecountry": "Ciudad/estado/Pais",
        "firstname": "Nombre de pila",
        "lastname": "Apellido",
        "email": "Correo electrónico",
        "contact": "contacto Numero",
        "pasword": "contraseña",
        "subject": "Sujeto",
        "desciption": "descripción",
        "bankdetail": "Detalle bancario",
        "add": "Agregar",
        "addyourbankaccount": "Agrega tu cuenta bancaria",
        "selectbank": "Seleccionar banco",
        "accountnumber": "Número de cuenta",
        "ifsc": "IFSC",
        "accountholdername": "nombre del titular de la cuenta",
        "close": "CERCA",
        "save": "AHORRAR",
        "addbankmandatory": "Agregar detalles bancarios es obligatorio para procesar retiros.",
        "depositcoin": "Depósito de moneda",
        "enteramount": "Ingrese la cantidad",
        "addwinthdrow": "Agregar detalles de retiro",
        "addwinthdrowmessage": "Primero agregue los detalles de su retiro.",
        "Displayname": "Nombre para mostrar",
        "ok": "DE ACUERDO ",
        "odds": "Impares",
        "stake": "Apostar",
        "min": " Mín",
        "max": "Máx",
        "placebet": "Apuesta de lugar",
        "matched": "Emparejado",
        "scoreboard": "Scoreboard",
        "no": "No",
        "yes": "Yes",
        "password": "Contraseña",
        "login": "inicio  sesión",
        "loginwithsocial": "Iniciar sesión con redes sociales",
        "signup": "inscribirse",
        "register": "Registro",
        "enteremail": "Ingrese correo electrónico",
        "enterpassword": "Introducir la contraseña",
        "confirmpassword": "confirmar Contraseña",
        "enterphoneno": "Ingresa número telefónico",
        "daymonthyear": "Día/mes/año",
        "enteremailusername": "Dirección de correo electrónico o nombre de usuario",
        "day": "Día",
        "month": "mes",
        "year": "año",
        "confirm": "Confirmo que tengo al menos 18 años de edad y acepto los",
        "termandcondition": "Términos y condiciones",
        "responsiblegambling": "Juego Responsable",
        "gamecare": " GamCare",
        "and": "And",
        "gamblingTherapy": "Juegos de azarTerapia",
        "invalidemail": "El correo electrónico es invalido",
        "invalidpassword": "La contraseña no es válida",
        "least8charc": "La contraseña debe tener al menos 8 caracteres",
        "invalidcinformpass": "Confirmar contraseña no es válida",
        "mustmatchpassword": "Contraseña debe coincidir con",
        "invalidphonenumber": "El número de teléfono no es válido",
        "invalidDOB": "La fecha de nacimiento no es válida",
        "invalidDOM": "La fecha del mes no es válida",
        "invalidDOY": "La fecha del año no es válida",
        "checkTC": " Por favor, consulte Términos y condiciones",
        "requiredphonenumber": "Phone Number is Required",
        "requiredOTP": "Número de teléfono es requerido",
        "requiredemail": "Se requiere correo electrónico o nombre de usuario ",
        "requirepassword": "se requiere contraseña",
        "username": "Nombre de usuario",
        "validationcode": "Código de validación",
        "usernameconnotempty": "el nombre de usuario no puede estar vacío",
        "passwordconnotempty": "la contraseña no puede estar vacía",
        "validationconnotempty": "La validación no puede estar vacía",
        "changepass": "Cambiar la contraseña",
        "newpass": "Nueva contraseña",
        "newcinfrompass": "Confirmar nueva contraseña",
        "yourpass": "Tu contraseña",
        "change": "Cambiar",
        "diamond": "Diamante",
        "aura": "Aura",
        "poker": "Póker",
        "slots": "Tragamonedas",
        "sexy": "SEXY",
        "pp": "PP",
        "venus": "VENUS",
        "kingmaker": "hacedorde reyes",
        "jili": "JILÍ",
        "jdp": "JDP",
        "fc": "FC",
        "cardandboard": "Card and Board",
        "Usernameisempty": "El nombre de usuario está vacío",
        "passwordisempty": "la contraseña está vacía",
        "Loading": "Cargando...",
        "Disclaimer": "Descargo de responsabilidad: tenga en cuenta que el juego implica un riesgo financiero y puede volverse adictivo con el tiempo si no se juega dentro de los límites. Solo las personas mayores de 18 años deben usar los Servicios y deben hacerlo de manera responsable. Los jugadores deben ser conscientes de cualquier riesgo financiero y gobernarse en consecuencia.",
        "Browservirsion": "Nuestro sitio web funciona mejor en las versiones anteriores más recientes y más recientes de estos navegadores: Google Order. Firefo",
        "poweredby": "Energizado por",
        "MainBalance": "Balance principal ",
        "Exposure": "Exposición",
        "myaccount": "Mi cuenta",
        "Accountstatement": "Estado de cuenta",
        "DwRequests": "DwRequests",
        "OneClickBet": "Apuesta de un clic ",
        "InternationalCasino": "Casino Internacional",
        "Aura": "Aura",
        "Betgames": "apuestas",
        "Twain": "Dos",
        "Sportbook": "casa de apuestas",
        "Sportbooks": "casas de apuestas deportivas",
        "OtherGames": "Otros juegos",
        "M8Sport": "M8 deporte ",
        "WSSport": "deporte WS",
        "othersports": "Otros deportes",
        "HorseRacing": "Las carreras de caballos",
        "GreyHoundRacing": "Carrera de galgos",
        "ExchangeGames": "Juegos de intercambio",
        "Interface": "Interfaz",
        "SKYInterface": "SKY Interfaz",
        "DiamondInterface": "Interfaz de diamante",
        "LotusInterface": "Lotus Interfaz",
        "LcInterface": "Lc Interfaz",
        "Highlight": "Destacados",
        "News": "Noticias",
        "multimarkets": "Mercados múltiples",
        "birthday": "Cumpleaños",
        "address": "DIRECCIÓN",
        "towncity": "Pueblo/Ciudad",
        "country": "pais",
        "countrystate": "Estado/País",
        "postcode": "Códigopostal",
        "contactdetails": "Detalles de contacto",
        "primarynumber": "Numero primario",
        "currency": "moneda",
        "commission": "Comisión",
        "welcome": "Bienvenida",
        "Viewyouraccountdetailshere": "Vea los detalles de su cuenta aquí. Puede administrar fondos, revisar y cambiar su configuración y ver el rendimiento de su actividad de apuestas",
        "date": "Fecha",
        "debits": "Débitos",
        "credits": "Créditos",
        "fromto": "desde/hasta",
        "next": "Próxima",
        "comingup": "Coming Up",
        "dayafter": "día tras ",
        "noracesavailableyet": "Aún no hay carreras disponibles",
        "race19in7min": "Carreras 19 (Siguiente en 7 minutos)",
        "betstatus": "Estado de la apuesta",
        "unmatched": "Sin par",
        "market": "Mercado ",
        "selection": "Selección",
        "type": "Tipo",
        "betid": "ID de apuesta",
        "avgoddsmatched": "Promedio probabilidades coincidentes",
        "datematched": "Date matched",
        "matchodds": "Cuotas de partido",
        "Youhavenobetsinthistimeperiod": "No tienes apuestas en este periodo de tiempo",
        "gethistory": "Obtener historial",
        "period": "Período",
        "loss": "pérdida",
        "casinoprofit": "Beneficio del casino",
        "casinobetshistory": "Historial de apuestas de casino",
        "justfortoday": "Sólo por hoy",
        "last7days": "Los últimos 7 días",
        "last30days": "Últimos 30 días",
        "last2months": "Últimos 2 meses",
        "last3months": "Últimos 3 meses",
        "event": "Evento",
        "betsettled": "Apuesta_Resuelta",
        "profitloss": "Pérdida de beneficios",
        "bethistoryenableyou": "Historial de apuestas le permite revisar las apuestas que ha realizado.",
        "specifythetimeperiodduringwhichyour": "Especifique el período de tiempo durante el cual se realizaron sus apuestas, el tipo de mercados en los que se realizaron las apuestas y el deporte.",
        "bettinghistoryisavailableonlineforthepast30days": "El historial de apuestas está disponible en línea durante los últimos 30 días",
        "accountdetails": "Detalles de la cuenta",
        "aboutyou": "Acerca de ti",
        "edit": "Editar",
        "languages": "Idiomas",
        "english": "inglesa",
        "bangla": "Bengala",
        "oddsformat": "impares Formato",
        "commcharged": "Comm cargada",
        "summary": "Resumen",
        "transaction": "Transacción",
        "remarks": "Remarks",
        "getstatement": "obtener declaración",
        "datetime": "Fecha y hora",
        "liability": "Liability",
        "oddsmatched": "impares emparejada",
        "oddsreq": "impares req.",
        "pokerreport": "Informes de póquer",
        "betamount": "Monto de la apuesta",
        "logindate": "Fecha de inicio de sesión",
        "time": "Tiempo",
        "slotbets": "Apuestas tragamonedas ",
        "slotbetshistory": "Apuestas tragamonedas Historia",
        "slotprofit": "Beneficio de tragamonedas",
        "totalpl": "Pérdidas/ganancias totales",
        "starttime": "Hora de inicio",
        "settleddate": "Fecha de liquidación",
        "placed": "Placed",
        "totalstakes": "Apuestas totales",
        "yessubtotal": "Sí Subtotal",
        "nosubtotal": "sin  Subtotal",
        "rebate": "Rebate",
        "marketsubtotal": "Subtotal del mercado",
        "netmarkettotal": "Total Mercado Neto",
        "mainwallet": "Monedero principal",
        "betprofit": "Beneficio de la apuesta",
        "lossenablesyoutoreview": "Loss le  permite revisar las apuestas que ha realizado.",
        "selectlanguage": "Seleccione el idioma",
        "pokerbalance": "Saldo de póquer",
        "recall": "Recall",
        "casinobalance": "Saldo del casino",
        "housebalance": "Saldo de la casa",
        "default": "predeterminada",
        "highlightwhenoddschanges": "Destacar cuando cambien las cuotas        ",
        "requesttype": "tipo de solicitud",
        "selecttype": "Seleccione tipo        ",
        "requeststatus": "Request Status",
        "selectstatus": "seleccionar Status",
        "getrequest": "Obtener solicitud",
        "referenceno": "Numero de referencia.",
        "status": "Estado",
        "paymentmethod": "Método de pago",
        "newpassowrdrequired": "requiere una nueva contraseña",
        "newpassmustbe5charlong": "El campo Nueva contraseña debe tener al menos 5 caracteres de longitud.",
        "newpassconfirm": "nueva contraseña confirmar",
        "newpassrequired": " requiere una nueva contraseña .",
        "newpassandretypepasssame": "La nueva contraseña y la nueva contraseña deben ser iguales!",
        "oldpassrequired": "Se requiere contraseña antigua.",
        "settled": "Establecido",
        "slotsbets": "Apuestas de tragamonedas",
        "voided": "vacía",
        "usercancel": "Usuario Cancelar",
        "skyexchange": "SKYEXCHANGE",
        "addbankdetails": "Agregar detalles bancarios",
        "AccountHolder": "Titular de la cuenta        ",
        "bankname": "Nombre banco",
        "confirmation": "Confirmación",
        "selectprovider": " Seleccionar proveedor",
        "addingupidetailsismandatoryforprocessing": "Agregar detalles de UPI es obligatorio para procesar retiros.",
        "addyourupi": "Agregue su UPI",
        "name": "Nombre",
        "addupidetails": "Agregar detalles de UPI",
        "upidetails": "detalles UPI",
        "spanish":"Española"
    },
    {
        "lang": "bd",
        "Email": "ইমেইল",
        "Login": "প্রবেশ করুন",
        "Loginwithsocial": "সামাজিক দিয়ে লগইন করুন",
        "Signup": "সাইনআপ",
        "Register ": "নিবন্ধন",
        "Enteremail": "ইমেইল প্রদান করুন",
        "EnterPassword": "পাসওয়ার্ড লিখুন",
        "ConfirmPassword": "পাসওয়ার্ড নিশ্চিত করুন",
        "EnterPhoneNumber": "ফোন নম্বর লিখুন",
        "Day": "দিন",
        "Month": "মাস",
        "Year": "বছর",
        "cricket": "ক্রিকেট",
        "soccer": "ফুটবল",
        "tennis": "টেনিস",
        "all": "সব",
        "inplay": "খেলার মধ্যে",
        "today": "আজ",
        "tomorrow": "কাল",
        "leagues": "লীগ",
        "parlay": "পার্লে",
        "sports": "খেলাধুলা",
        "live": "লাইভ",
        "table": "টেবিল",
        "slot": "স্লট",
        "fishing": "মাছ ধরা",
        "xpg": "এক্সপিজি",
        "myprofile": "আমার প্রোফাইল",
        "balanceoverview": "ব্যালেন্স ওভারভিউ",
        "currentbets": "আমার বাজি",
        "betshistory": "বাজির ইতিহাস",
        "profitandloss": "লাভ ক্ষতি",
        "activitylog": "কার্য বিবরণ",
        "setting": "সেটিংস",
        "logout": "প্রস্থান",
        "ipadress": "আইপি ঠিকানা",
        "withdrawaldetails": "প্রত্যাহার বিবরণ",
        "dispute": "প্রতিক্রিয়া",
        "feedback": "প্রস্থান",
        "casinobets": "ক্যাসিনো বাজি",
        "supernovacasinobet": "সুপারনোভা ক্যাসিনো বাজি",
        "slotcasinobets": "স্লট ক্যাসিনো বাজি",
        "catalog": "ক্যাটালগ",
        "latest": "সাম্প্রতিক",
        "az": "এ-জেড",
        "showmore": "আরো দেখুন",
        "timezone": "সময় অঞ্চল",
        "home": "বাড়ি",
        "casino": "ক্যাসিনো",
        "mybet": "আমার বাজি",
        "back": "ব্যাক",
        "lay": "লে",
        "gameshow": "খেলা সস",
        "popular": "জনপ্রিয়",
        "yourbalance": "আপনার ভারসাম্য",
        "balance": "ভারসাম্য",
        "withdraw": "প্রত্যাহার",
        "deposit": "আমানত",
        "exchange": "বিনিময়",
        "fancybet": "ফ্যান্সিবেট",
        "bookmaker": "বুকমেকার",
        "sportsbook": "স্পোর্টসবুক",
        "binary": "বাইনারি",
        "orderby": "দ্বারা অর্ডার",
        "betplaced": "বাজি রাখা",
        "submit": "জমা দিন",
        "last7day": "গত ৭ দিন",
        "nodata": "কোন তথ্য নেই",
        "during": "সময়",
        "loginstatus": "লগইন অবস্থা",
        "loginsuccess": "লগইন সফল",
        "isp": "আইএসপি",
        "citystatecountry": "রাজধানী রাষ্ট্র",
        "firstname": "নাম",
        "lastname": "পদবি",
        "contact": "যোগাযোগ",
        "pasword": "পাসওয়ার্ড",
        "subject": "বিষয়",
        "desciption": "Desciption",
        "bankdetail": "Bank Details",
        "add": "Add",
        "addyourbankaccount": "Add Your Bank Account",
        "selectbank": "Select Bank",
        "accountnumber": "অ্যাকাউন্ট নম্বর",
        "ifsc": "IFSC",
        "accountholdername": "Account Holder Name",
        "close": "CLOSE",
        "save": "SAVE",
        "addbankmandatory": "Adding Bank Details is mandatory for processing withdrawals.",
        "depositcoin": "Deposit coins",
        "enteramount": "Enter Amount",
        "addwinthdrow": "Add Withdrawal Details",
        "addwinthdrowmessage": "Please add your withdrawal details first.",
        "ok": "ঠিক আছে",
        "odds": "Odds",
        "stake": "Stake",
        "min": "সর্বনিম্ন",
        "max": "সর্বোচ্চ",
        "placebet": "প্লেসবেট",
        "matched": "মিলে গেছে",
        "no": "না",
        "yes": "হ্যাঁ",
        "password": "পাসওয়ার্ড",
        "login": "প্রবেশ করুন",
        "loginwithsocial": "সামাজিক দিয়ে লগইন করুন",
        "register": "নিবন্ধন",
        "enteremail": "ইমেইল প্রদান করুন",
        "enterpassword": "পাসওয়ার্ড লিখুন",
        "confirmpassword": "পাসওয়ার্ড নিশ্চিত করুন",
        "enterphoneno": "ফোন নম্বর লিখুন",
        "day": "দিন",
        "month": "মাস",
        "year": "বছর",
        "enteremailusername": "ইমেইল/ ব্যবহারকারীর নাম/ ইউজারনেম",
        "confirm": "আমি নিশ্চিত করছি যে আমার বয়স কমপক্ষে 18 বছর, এবং শর্তাবলী,",
        "termandcondition": "শর্তাবলী",
        "responsiblegambling": "দায়িত্বশীল গেমিং",
        "gamecare": "গামকেয়ার",
        "and": "এবং",
        "gamblingTherapy": "জুয়া থেরাপি",
        "invalidemail": "Email is Invalid",
        "invalidpassword": "Password is Invalid",
        "least8charc": "Password must be at least 8 characters",
        "invalidcinformpass": "Confirm Password is Invalid",
        "mustmatchpassword": "Password Must Match",
        "invalidphonenumber": "Phone Number is Invalid",
        "invalidDOB": "Date of birth is Invalid",
        "invalidDOM": "Date of month is Invalid",
        "invalidDOY": "Date of year is Invalid",
        "checkTC": "Please check Terms & Conditions",
        "requiredphonenumber": "Phone Number is Required",
        "requiredOTP": "OTP is Required",
        "requiredemail": "Email or Username is required",
        "username": "ইউজারনেম",
        "validationcode": "বৈধতা কোড",
        "usernameconnotempty": "ব্যবহারকারীর নাম খালি হতে পারে না",
        "passwordconnotempty": "password cannot be empty",
        "validationconnotempty": "Validation cannot be empty",
        "changepass": "পাসওয়ার্ড পরিবর্তন করুন",
        "newpass": "নতুন পাসওয়ার্ড",
        "newcinfrompass": "New Passowrd Confirm",
        "yourpass": "আপনার পাসওয়ার্ড",
        "change": "পরিবর্তন",
        "diamond": "হীরা",
        "aura": "Aura",
        "poker": "পোকার",
        "slots": "স্লট",
        "sexy": "SEXY",
        "pp": "PP",
        "venus": "VENUS",
        "kingmaker": "Kingmaker",
        "jili": "JILI",
        "jdp": "JDP",
        "fc": "FC",
        "cardandboard": "পিচবোর্ড",
        "Usernameisempty": "ব্যবহারকারীর নাম খালি",
        "passwordisempty": "পাসওয়ার্ড খালি",
        "Loading": "লোড হচ্ছে...",
        "Disclaimer": "দাবিত্যাগ: অনুগ্রহ করে মনে রাখবেন যে জুয়া খেলার সাথে আর্থিক ঝুঁকি জড়িত এবং সীমার মধ্যে অনুশীলন না করলে সময়ের সাথে সাথে আসক্তি হতে পারে। শুধুমাত্র 18+ লোকের পরিষেবাগুলি ব্যবহার করা উচিত এবং এটি দায়িত্বের সাথে ব্যবহার করা উচিত।",
        "Browservirsion": "আমাদের ওয়েবসাইট এই ব্রাউজারগুলির সর্বশেষ এবং সর্বশেষ পূর্ববর্তী সংস্করণগুলিতে সবচেয়ে ভাল কাজ করে:গুগল অর্ডার। ফায়ারফক্স",
        "poweredby": "দ্বারা চালিত",
        "MainBalance": "মূল ব্যালেন্স",
        "Exposure": "এক্সপোজার",
        "myaccount": "আমার অ্যাকাউন্ট",
        "Accountstatement": "অ্যাকাউন্ট বিবৃতি",
        "DwRequests": "D/W অনুরোধ",
        "OneClickBet": "এক ক্লিক বাজি",
        "InternationalCasino": "আন্তর্জাতিক ক্যাশিনো",
        "Aura": "অরা",
        "Betgames": "বেটগেমস",
        "Twain": "টোয়েন",
        "Sportbook": "স্পোর্টলুকস",
        "Sportbooks": "স্পোর্টলুকস",
        "OtherGames": "অন্যান্য খেলাধুলা",
        "M8Sport": "M8 স্পোর্ট",
        "WSSport": "ws স্পোর্ট",
        "othersports": "অন্যান্য খেলাধুলা",
        "HorseRacing": "ঘোড়দৌড়",
        "GreyHoundRacing": "কুকুর দৌড় প্রতিযোগিতা",
        "ExchangeGames": "বিনিময় খেলা",
        "Interface": "ইন্টারফেস",
        "SKYInterface": "SKY ইন্টারফেস",
        "DiamondInterface": "ডায়মন্ড ইন্টারফেস",
        "LotusInterface": "লোটাস ইন্টারফেস",
        "LcInterface": "এলসি ইন্টারফেস",
        "Highlight": "হাইলাইট",
        "News": "খবর",
        "multimarkets": "মাল্টি মার্কেটস",
        "birthday": "জন্মদিন",
        "address": "ঠিকানা ",
        "towncity": "শহর/টাউন ",
        "country": "দেশ",
        "countrystate": "দেশ/রাজ্য",
        "postcode": "পোস্টকোড",
        "contactdetails": "যোগাযোগের বিস্তারিত",
        "primarynumber": "প্রাথমিক নম্বর",
        "currency": "মুদ্রা",
        "commission": "কমিশন",
        "welcome": "স্বাগতম",
        "Viewyouraccountdetailshere": "এখানে আপনার অ্যাকাউন্টের বিশদগতি দেখুন। আপনি ফান্ড পরিচালনা করতে পারেন, আপনার সেটিং পর্যালোচনা এবং পরিবর্তন করতে পারেন এবং আপনার বেটিং কার্যকলাপের কর্মক্ষমতা দেখতে পারেন।",
        "date": "তারিখ",
        "debits": "ডেবিট",
        "credits": "ক্রেডিট",
        "fromto": "থেকে পর্যন্ত",
        "next": "পরবর্তী",
        "comingup": "আসন্ন",
        "dayafter": "পরের দিন",
        "noracesavailableyet": "রেস এখনও উপলব্ধ নয়",
        "race19in7min": "রেস ১৯ (পরবর্তী ৭ মিনিটে)",
        "betstatus": "বেট স্ট্যাটাস/বাজি অবস্থা",
        "unmatched": "মিলছে না।",
        "market": "বাজার",
        "selection": "নির্বাচন",
        "type": "প্রকার",
        "betid": "বাজি ID",
        "avgoddsmatched": "Avg. odds মিলে গেছে",
        "datematched": "তারিখ মিলেছে",
        "SouthAfricaVSriLanka": "দক্ষিণ আফ্রিকা V শ্রীলঙ্কা",
        "matchodds": "ম্যাচ odds",
        "southafrica": "দক্ষিণ আফ্রিকা",
        "cancel": "বাতিল করুন",
        "Youhavenobetsinthistimeperiod": "এই সময়ের মধ্যে আপনার কোন বাজি নেই",
        "gethistory": "ইতিহাস পান",
        "period": "সময়কাল",
        "loss": "ক্ষতি",
        "casinoprofit": "ক্যাসিনো লাভ",
        "casinobetshistory": "ক্যাসিনো বাজির ইতিহাস",
        "justfortoday": "শুধু আজকের জন্য",
        "fromyesterday": "গতকাল থেকে",
        "last7days": "গত ৭ দিন",
        "last30days": "শেষ 30 দিন",
        "last2months": "গত ২ মাস",
        "last3months": "গত ৩ মাস",
        "event": "ঘটনা",
        "betsettled": "বেট_সেটেলড",
        "profitloss": "লাভ/ক্ষতি",
        "bethistoryenableyou": "বাজির ইতিহাস আপনাকে আপনার রাখা বাজি পর্যালোচনা করতে সক্ষম করে।",
        "specifythetimeperiodduringwhichyour": "আপনার বাজি রাখার সময়কাল নির্দিষ্ট করুন,বাজারের ধরন যেখানে বাজি রাখা হয়েছিল এবং খেলাধুলা",
        "bettinghistoryisavailableonlineforthepast30days": "গত 30 দিনের জন্য বাজির ইতিহাস অনলাইনে উপলব্ধ",
        "accountdetails": "হিসাবের বিবরণ",
        "aboutyou": "তোমার সম্পর্কে",
        "edit": "সম্পাদনা করুন",
        "languages": "ভাষা",
        "english": "ইংরেজি",
        "bangla": "বাংলা",
        "oddsformat": "অডস ফরম্যাট",
        "commcharged": "কমিশন চার্জ করা হয়",
        "summary": "সারসংক্ষেপ",
        "transaction": "লেনদেন নং",
        "remarks": "মন্তব্য",
        "getstatement": "গেট্ স্টেটমেন্ট",
        "datetime": "তারিখ/সময়",
        "profit": "লাভ",
        "bettaken": "বাজি নেওয়া হয়েছে",
        "liability": "দায়",
        "oddsmatched": "odds মিলে গেছে",
        "oddsreq": "Odds অনুরোধ",
        "pokerreport": "পোকার রিপোর্ট",
        "betamount": "বাজি পরিমাণ",
        "logindate": "লগইন তারিখ",
        "time": "সময়",
        "slotbets": "স্লট বাজি",
        "slotbetshistory": "স্লট বাজি ইতিহাস",
        "slotprofit": "স্লট লাভ",
        "totalpl": "মোট P/L",
        "starttime": "শুরুর সময়",
        "settleddate": "নিষ্পত্তির তারিখ",
        "placed": "স্থাপন করা",
        "totalstakes": "টোটাল স্টেক",
        "yessubtotal": "হ্যাঁ সাবটোটাল",
        "nosubtotal": "কোন সাবটোটাল নেই",
        "rebate": "রিবেট",
        "marketsubtotal": "বাজার সাবটোটাল",
        "netmarkettotal": "নেট মার্কেট টোটাল",
        "mainwallet": "প্রধান মানিব্যাগ",
        "betprofit": "বাজি লাভ",
        "lossenablesyoutoreview": "ক্ষতি আপনাকে আপনার দেওয়া বাজি পর্যালোচনা করতে সক্ষম করে",
        "lossavaliablefor14dayonline": "লস গত 14 দিনের জন্য অনলাইন উপলব্ধ.",
        "selectlanguage": "ভাষা নির্বাচন কর",
        "pokerbalance": "ব্যালেন্স পোকার",
        "recall": "রিকল",
        "casinobalance": "ক্যাসিনো ব্যালেন্স",
        "housebalance": "হাউসি ব্যালেন্স",
        "default": "ডিফল্ট",
        "highlightwhenoddschanges": "যখন মতভেদ পরিবর্তন হয় তখন হাইলাইট করুন",
        "noeventfoundmatching": "কোন ইভেন্ট মিলে পাওয়া যায়নি",
        "requesttype": "অনুরোধের ধরন",
        "selecttype": "প্রকার নির্বাচন করুন",
        "requeststatus": "অনুরোধের স্থিতি",
        "selectstatus": "স্থিতি নির্বাচন করুন",
        "getrequest": "অনুরোধ পান",
        "referenceno": "রেফারেন্স নং.",
        "status": "স্ট্যাটাস",
        "paymentmethod": "মূল্যপরিশোধ পদ্ধতি",
        "newpassowrdrequired": "নতুন পাসওয়ার্ড প্রয়োজন",
        "newpassmustbe5charlong": "নতুন পাসওয়ার্ড ক্ষেত্রের দৈর্ঘ্য কমপক্ষে 5 অক্ষর হতে হবে",
        "newpassconfirm": "নতুন পাসওয়ার্ড নিশ্চিত করুন",
        "newpassrequired": "নতুন পাসওয়ার্ড প্রয়োজন.",
        "newpassandretypepasssame": "নতুন পাসওয়ার্ড এবং পুনরায় টাইপ পাসওয়ার্ড একই হতে হবে!",
        "oldpassrequired": "পুরানো পাসওয়ার্ড প্রয়োজন.",
        "settled": "নিষ্পত্তি হয়েছে",
        "slotsbets": "স্লট বাজি",
        "voided": "অকার্যকর",
        "usercancel": "ইউজার বাতিল করুন",
        "skyexchange": "স্কাইএক্সচেঞ্জ",
        "addbankdetails": "Add Bank Details",
        "AccountHolder": "অ্যাকাউন্ট হোল্ডার",
        "bankname": "ব্যাংকের নাম",
        "confirmation": "নিশ্চিতকরণ",
        "selectprovider": "প্রদানকারী নির্বাচন করুন",
        "addingupidetailsismandatoryforprocessing": "টাকা তোলার প্রক্রিয়া করার জন্য UPI বিবরণ যোগ করা বাধ্যতামূলক",
        "addyourupi": "আপনার UPI যোগ",
        "name": "নাম",
        "addupidetails": "উপি বিবরণ যোগ করুন।",
        "upidetails": "UPI বিবরণ",
        "spanish":"স্পেনীয়"
    },
    {
        "lang": "pg",
        "Email": "E-mail",
        "Login": "Conecte-se",
        "Loginwithsocial": "Entrar com redes sociais",
        "Signup": "Inscrever-se",
        "Register ": "Registro",
        "Enteremail": "Digite o e-mail",
        "EnterPassword": "Digite a senha",
        "ConfirmPassword": "Confirme sua senha",
        "EnterPhoneNumber": "Digite o número de telefone",
        "Day": "Dia",
        "Month": "Mês",
        "Year": "Ano",
        "cricket": "críquete",
        "soccer": "futebol",
        "tennis": "tenis",
        "all": "Todo",
        "inplay": "In-plei",
        "today": "Hoje",
        "tomorrow": "Tomorrow",
        "leagues": "Amanhã",
        "sports": "Esportes",
        "live": "Ao vivo",
        "table": "Mesa",
        "slot": "Slot",
        "fishing": "pescaria",
        "parlay": "Parlei",
        "xpg": "XPG",
        "myprofile": "Meu perfil",
        "balanceoverview": "Visão geral do saldo",
        "currentbets": "Apostas Atuais",
        "betshistory": "Histórico de Apostas",
        "profitandloss": "Lucros e perdas",
        "activitylog": "Registro ativo",
        "setting": "Contexto",
        "logout": "ausloggen",
        "withdrawaldetails": "Detalhes da retirada",
        "dispute": "Disputa",
        "feedback": "Feedback",
        "casinobets": "Apostas de Cassino",
        "supernovacasinobet": "Apostas do Cassino Supernova",
        "slotcasinobets": "Slot Casino Bets",
        "catalog": "Catálogo",
        "latest": "mais recentes",
        "az": "A-Z",
        "showmore": "Mostre mais",
        "timezone": "Fuso horário",
        "home": "Lar",
        "casino": "Casino",
        "mybet": "Minhas Apostas",
        "back": "Voltar",
        "lay": "Lay",
        "gameshow": "Game Shows",
        "popular": "Popular",
        "yourbalance": "Seus Saldos",
        "balance": "Equilíbrio",
        "withdraw": "saldo sacar",
        "deposit": "Depósito",
        "exchange": "Intercâmbio",
        "fancybet": "Fancybet",
        "bookmaker": "Casa de apostas",
        "sportsbook": "Apostas desportivas",
        "binary": "Binário",
        "orderby": "Encomendar por",
        "betplaced": "Aposta Feita",
        "submit": "Enviar",
        "last7day": "Últimos 7 Dias",
        "nodata": "Sem dados",
        "ipadress": "Endereço IP",
        "during": "Durante",
        "fromyesterday": "De Ontem",
        "loginstatus": "Estado de Login",
        "loginsuccess": "Sucesso no Login",
        "isp": "ISP",
        "citystatecountry": "Cidade/Estado/País",
        "firstname": "Primeiro nome",
        "lastname": "Sobrenome",
        "contact": "Número de contato",
        "pasword": "Senha",
        "subject": "Assunto",
        "desciption": "descrição",
        "bankdetail": "Detalhes bancários",
        "add": "Adicionar",
        "addyourbankaccount": "Adicione sua conta bancáriat",
        "selectbank": "Selecione o Banco",
        "accountnumber": "Número de conta",
        "ifsc": "IFSC",
        "accountholdername": "nome do titular da conta",
        "close": "FECHAR",
        "save": "SALVAR",
        "addbankmandatory": "A adição de dados bancários é obrigatória para o processamento de saques.",
        "depositcoin": "depositar moedas",
        "enteramount": "Insira o valor",
        "addwinthdrow": "Adicionar Detalhes de Retirada",
        "addwinthdrowmessage": "Por favor, adicione seus detalhes de retirada primeiro.",
        "ok": "OK",
        "odds": "Odds",
        "stake": "Estaca",
        "min": "mín",
        "max": "máx",
        "placebet": "Placebet",
        "matched": "Coincide",
        "scoreboard": "Placar",
        "no": "Não",
        "yes": "Sim",
        "password": "Senha",
        "login": "Conecte-se",
        "loginwithsocial": "Entrar com redes sociais",
        "signup": "Inscrever-se",
        "register": "Registro",
        "enteremail": "Digite o e-mail",
        "enterpassword": "Digite a senha",
        "confirmpassword": "Confirm Password",
        "enterphoneno": "Digite o número de telefone",
        "daymonthyear": "Dia/mês/ano",
        "enteremailusername": "Endereço de e-mail ou nome de usuário",
        "day": "Dia",
        "month": "Mês",
        "year": "Ano",
        "confirm": "Confirmo que tenho pelo menos 18 anos de idade e aceito os",
        "termandcondition": "termos e Condições",
        "responsiblegambling": "Jogo responsável",
        "gamecare": " GamCare",
        "and": "E",
        "gamblingTherapy": "Jogos de AzarTerapia",
        "invalidemail": "Email inválido",
        "invalidpassword": "Senha é inválida",
        "least8charc": "A senha deve conter pelo menos 8 caracteres",
        "invalidcinformpass": "Confirme se a senha é inválida",
        "mustmatchpassword": "A senha deve corresponder",
        "invalidphonenumber": "O número de telefone é inválido",
        "invalidDOB": "A data de nascimento é inválida",
        "invalidDOM": "A data do mês é inválida",
        "invalidDOY": "A data do ano é inválida",
        "checkTC": "Por favor, verifique os Termos e Condições",
        "requiredphonenumber": "Número de telefone é obrigatório",
        "requiredOTP": "OTP é obrigatório",
        "requiredemail": "E-mail ou nome de usuário é obrigatório",
        "username": "Nome de usuário",
        "validationcode": "Código de validação",
        "usernameconnotempty": "nome de usuário não pode estar vazio",
        "passwordconnotempty": "a senha não pode estar vazia",
        "validationconnotempty": "A validação não pode estar vazia",
        "changepass": "Alterar a senha",
        "newpass": "Nova Senha",
        "newcinfrompass": "Confirmar Nova Senha",
        "yourpass": "Sua senha",
        "change": "Mudar",
        "diamond": "Diamante",
        "aura": "Aura",
        "poker": "pôquer",
        "slots": "Slots",
        "sexy": "SEXY",
        "pp": "PP",
        "venus": "VÊNUS",
        "kingmaker": "Influenciador",
        "jili": "JILI",
        "jdp": "JDP",
        "fc": "FC",
        "cardandboard": "Cartão e Tabuleiro",
        "Usernameisempty": "O nome de usuário está vazio",
        "passwordisempty": "a senha está vazia",
        "Loading": "Carregando...",
        "Disclaimer": "Isenção de responsabilidade: Observe que o jogo envolve um risco financeiro e pode ser viciante ao longo do tempo se não for praticado dentro dos limites. Apenas maiores de 18 anos devem usar os serviços e devem usá-los com responsabilidade. Os jogadores devem estar cientes de qualquer risco financeiro e se governar de acordo.",
        "Browservirsion": "Nosso site funciona melhor nas versões anteriores e mais recentes desses navegadores:Google Order. Raposa de fogo",
        "poweredby": "Distribuído por",
        "MainBalance": "Saldo principal",
        "Exposure": "Exposição",
        "myaccount": "Minha conta",
        "Accountstatement": "Extrato da conta",
        "DwRequests": "Pedidos D/w",
        "OneClickBet": "Aposta de um clique",
        "InternationalCasino": "cassino internacional",
        "Aura": "cassino indiano",
        "Betgames": "Betgames",
        "Twain": "Dois",
        "Sportbook": "Sportbook",
        "Sportbooks": "Sportbooks",
        "OtherGames": "Outros jogos",
        "M8Sport": "esporte M8",
        "WSSport": "WS esporte",
        "othersports": "Outros esportes",
        "HorseRacing": "Corrida de cavalo",
        "GreyHoundRacing": "corrida de galgos",
        "ExchangeGames": "Troca-Jogos",
        "Interface": "Interface",
        "SKYInterface": "SKY Interface",
        "DiamondInterface": "Diamond Interface",
        "LotusInterface": "Lotus Interface",
        "LcInterface": "Lc Interface",
        "Highlight": "Destaque",
        "News": "Notícias",
        "multimarkets": "Multimercados",
        "birthday": "Aniversário",
        "address": "Endereço",
        "towncity": "Cidade/Cidade",
        "country": "País",
        "countrystate": "País/estado",
        "postcode": "CEP",
        "contactdetails": "Detalhes do contato",
        "primarynumber": "Número primário",
        "currency": "Moeda",
        "commission": "Comissão",
        "welcome": "Bem-vindo",
        "Viewyouraccountdetailshere": "Veja os detalhes da sua conta aqui. Você pode gerenciar fundos, revisar e alterar suas configurações e ver o desempenho de sua atividade de apostas",
        "date": "Data",
        "debits": "Débitos",
        "credits": "Créditos",
        "fromto": "De/para",
        "next": "Próximo",
        "comingup": "Chegando",
        "dayafter": "Dia seguinte",
        "noracesavailableyet": "Ainda não há corridas disponíveis",
        "race19in7min": "Corridas 19 (próximas em 7 minutos)",
        "betstatus": "Status da Aposta",
        "unmatched": "Incomparável",
        "market": "Mercado",
        "selection": "Seleção",
        "type": "Tipo",
        "betid": "ID da aposta",
        "avgoddsmatched": "média probabilidades correspondidas",
        "datematched": "Data combinada",
        "matchodds": "Probabilidades de jogo",
        "Youhavenobetsinthistimeperiod": "Você não tem apostas neste período de tempo",
        "gethistory": "Obter histórico",
        "period": "Período",
        "loss": "Perda",
        "casinoprofit": "Lucro do cassino",
        "casinobetshistory": "Histórico de apostas de cassino",
        "justfortoday": "Só por hoje",
        "last7days": "Últimos 7 dias",
        "last30days": "Últimos 30 dias",
        "last2months": "últimos 2 meses",
        "last3months": "últimos 3 meses",
        "event": "Evento",
        "betsettled": "Aposta_liquidada",
        "profitloss": "Lucros/perdas",
        "bethistoryenableyou": "O Histórico de Apostas permite que você revise as apostas que você fez.",
        "specifythetimeperiodduringwhichyour": "Especifique o período de tempo durante o qual suas apostas foram feitas, o tipo de mercado em que as apostas foram feitas e o esporte.",
        "bettinghistoryisavailableonlineforthepast30days": "O histórico de apostas está disponível online nos últimos 30 dias",
        "accountdetails": "Detalhes da conta",
        "aboutyou": "Sobre você",
        "edit": "Editar",
        "languages": "línguas",
        "english": "Inglês",
        "bangla": "Bangala",
        "oddsformat": "Formato das probabilidades",
        "commcharged": "Comm cobrado",
        "summary": "Resumo",
        "transaction": "Transação",
        "remarks": "Observações",
        "getstatement": "Obter Extrato",
        "datetime": "Data/hora",
        "liability": "Responsabilidade",
        "oddsmatched": "Probabilidades correspondidas",
        "oddsreq": "Solicitação de probabilidades.",
        "pokerreport": "Relatórios de pôquer",
        "betamount": "Valor da aposta",
        "logindate": "Data de login",
        "time": "Tempo",
        "slotbets": "Apostas níqueis",
        "slotbetshistory": "Histórico de apostas de caça-níqueis",
        "slotprofit": "Lucro do slot",
        "totalpl": "Total P/L",
        "starttime": "hora de início",
        "settleddate": "Data de Liquidação",
        "placed": "Colocado",
        "totalstakes": "Apostas Totais",
        "yessubtotal": "Sim Subtotal",
        "nosubtotal": "Sem subtotal",
        "rebate": "Desconto",
        "marketsubtotal": "Subtotal do mercado",
        "netmarkettotal": "Total do mercado líquido",
        "mainwallet": "Carteira principal",
        "betprofit": "Lucro da Aposta",
        "lossenablesyoutoreview": "Perda permite que você revise as apostas que você fez.",
        "selectlanguage": "Selecione o idioma",
        "pokerbalance": "Saldo de Poker",
        "recall": "Lembrar",
        "casinobalance": "Saldo do cassino",
        "housebalance": "Saldo da casa",
        "default": "Padrão",
        "highlightwhenoddschanges": "Destaque quando as probabilidades mudam",
        "requesttype": "tipo de solicitação",
        "selecttype": "Selecione o tipo",
        "requeststatus": "Status da Solicitação",
        "selectstatus": "Selecione o estado",
        "getrequest": "Obter solicitação",
        "referenceno": "Número de referência.",
        "status": "Status",
        "paymentmethod": "Forma de pagamento",
        "newpassowrdrequired": "Nova senha é necessária",
        "newpassmustbe5charlong": "O campo Nova Senha deve ter pelo menos 5 caracteres.",
        "newpassconfirm": "Nova Senha Confirmar",
        "newpassrequired": "Nova senha é necessária.",
        "newpassandretypepasssame": "A nova senha e redigitar a senha devem ser iguais!",
        "oldpassrequired": "Senha antiga é necessária.",
        "settled": "Assentou",
        "slotsbets": "Apostas de Slots",
        "voided": "Anulado",
        "usercancel": "Usuário Cancelar",
        "skyexchange": "SKYEXCHANGE",
        "addbankdetails": "Adicionar dados bancários",
        "AccountHolder": "titular da conta",
        "bankname": "Nome do banco",
        "confirmation": "Confirmação",
        "selectprovider": "Selecionar Provedor",
        "addingupidetailsismandatoryforprocessing": "Adicionar detalhes de UPI é obrigatório para processar saques.",
        "addyourupi": "Adicione sua UPI",
        "name": "Nome",
        "addupidetails": "Adicionar detalhes de UPI",
        "upidetails": "Detalhes da UPI",
        "spanish":"Spanish"
    },
    {
        "lang": "tu",
        "Email": "E-posta",
        "Login": "Giriş yapmak",
        "Loginwithsocial": "sosyal ile giriş yap",
        "Signup": "Üye olmak",
        "Register ": "Kayıt olmak",
        "Enteremail": "E-posta girin",
        "EnterPassword": "Parolanı Gir",
        "ConfirmPassword": "Şifreyi Onayla",
        "EnterPhoneNumber": "Telefon Numarası Girin",
        "Day": "Gün",
        "Month": "Ay",
        "Year": "Yıl",
        "cricket": "Cricket",
        "soccer": "Soccer",
        "tennis": "Tennis",
        "all": "Tüm",
        "inplay": "Oyunda",
        "today": "Bugün",
        "tomorrow": "Yarın",
        "leagues": "Ligler",
        "sports": "Spor Dalları",
        "live": "Canlı",
        "table": "Masa",
        "slot": "yuva",
        "fishing": "Balık tutma",
        "parlay": "Parlay",
        "xpg": "XPG",
        "myprofile": "Benim profilim",
        "balanceoverview": "Bakiyeye Genel Bakış",
        "currentbets": "Mevcut Bahisler",
        "betshistory": "Bahis Geçmişi",
        "profitandloss": "Kar ve zarar",
        "activitylog": "Aktif Günlük",
        "setting": "Ayar",
        "logout": "Çıkış Yap",
        "withdrawaldetails": "Para Çekme Ayrıntıları",
        "dispute": "Anlaşmazlık",
        "feedback": "Geri bildirim",
        "casinobets": "Kumarhane Bahisleri",
        "supernovacasinobet": "Supernova Casino Bahisleri",
        "slotcasinobets": "Slot Casino Bahisleri",
        "catalog": "Katalog",
        "latest": "En sonuncu",
        "az": "A'dan Z'ye",
        "showmore": "Daha fazla göster",
        "timezone": "Saat dilimi",
        "home": "Ev",
        "casino": "kumarhane",
        "mybet": "Bahislerim",
        "back": "Geri",
        "lay": "Sermek",
        "gameshow": "Oyun gösterileri",
        "popular": "Popüler",
        "yourbalance": "Bakiyeleriniz",
        "balance": "Denge",
        "withdraw": "Geri çekilmek",
        "deposit": "Depozito",
        "exchange": "Değişme",
        "fancybet": "fantezibet",
        "bookmaker": "bahisçi",
        "sportsbook": "spor bahisleri",
        "binary": "Binary",
        "orderby": "Tarafından sipariş",
        "betplaced": "Bahis Yapıldı",
        "submit": "Göndermek",
        "last7day": "Son 7 gün",
        "nodata": "Veri yok",
        "ipadress": "IP adresi",
        "during": "Sırasında",
        "fromyesterday": "Dünden",
        "loginstatus": "Giriş Durumu",
        "loginsuccess": "Giriş başarılı",
        "isp": "ISP",
        "citystatecountry": "Şehir/Eyalet/Ülke",
        "firstname": "İlk adı",
        "lastname": "Soy isim",
        "contact": "İletişim numarası",
        "pasword": "Şifre",
        "subject": "Ders",
        "desciption": "Açıklama",
        "bankdetail": "Banka detayları",
        "add": "Eklemek",
        "addyourbankaccount": "Banka Hesabınızı Ekleyin",
        "selectbank": "Banka Seç",
        "accountnumber": "Hesap numarası",
        "ifsc": "IFSC",
        "accountholdername": "Hesap Sahibinin Adı",
        "close": "KAPALI",
        "save": "KAYDETMEK",
        "addbankmandatory": "Para çekme işlemleri için Banka Detaylarının eklenmesi zorunludur.",
        "depositcoin": "Madeni para yatırma",
        "enteramount": "Miktarı girin",
        "addwinthdrow": "Para Çekme Ayrıntılarını Ekle",
        "addwinthdrowmessage": "Lütfen önce para çekme ayrıntılarınızı ekleyin.",
        "ok": "TAMAM",
        "odds": "oranlar",
        "stake": "kazık",
        "min": "dak.",
        "max": "maks.",
        "placebet": "Bahis yeri",
        "matched": "Eşleşti",
        "scoreboard": "Çetele",
        "no": "HAYIR",
        "yes": "Evet",
        "password": "Şifre",
        "login": "Giriş yapmak",
        "loginwithsocial": "sosyal ile giriş yap",
        "signup": "Üye olmak",
        "register": "Kayıt olmak",
        "enteremail": "E-posta girin",
        "enterpassword": "Parolanı Gir",
        "confirmpassword": "Şifreyi Onayla",
        "enterphoneno": "telefon numarasını girin",
        "daymonthyear": "Gün ay yıl",
        "enteremailusername": "E-posta adresi veya kullanıcı adı",
        "day": "Gün",
        "month": "Ay",
        "year": "Yıl",
        "confirm": "En az 18 yaşında olduğumu onaylıyorum ve",
        "termandcondition": "şartlar ve koşullar",
        "responsiblegambling": "Sorumlu Oyun",
        "gamecare": " Oyun Bakımı",
        "and": "Ve",
        "gamblingTherapy": "Kumar Terapisi",
        "invalidemail": "E-posta geçersiz",
        "invalidpassword": "Şifre geçersiz",
        "least8charc": "Şifre en az 8 karakter olmalıdır",
        "invalidcinformpass": "Parolanın Geçersiz Olduğunu Onaylayın",
        "mustmatchpassword": "Şifre uyuşmalı",
        "invalidphonenumber": "Telefon Numarası Geçersiz",
        "invalidDOB": "Doğum tarihi geçersiz",
        "invalidDOM": "Ayın tarihi Geçersiz",
        "invalidDOY": "Yılın tarihi Geçersiz",
        "checkTC": "Lütfen Şartlar ve Koşulları kontrol edin",
        "requiredphonenumber": "Telefon Numarası Gerekli",
        "requiredOTP": "OTP Gerekli",
        "requiredemail": "E-posta veya Kullanıcı adı gerekli",
        "username": "Kullanıcı adı",
        "validationcode": "Doğrulama kodu",
        "usernameconnotempty": "kullanıcı adı boş olamaz",
        "passwordconnotempty": "şifre boş olamaz",
        "validationconnotempty": "Doğrulama boş olamaz",
        "changepass": "Şifre değiştir",
        "newpass": "Yeni Şifre",
        "newcinfrompass": "Yeni Parola Onaylayın",
        "yourpass": "Şifreniz",
        "change": "Değiştirmek",
        "diamond": "Elmas",
        "aura": "Aura",
        "poker": "Poker",
        "slots": "yuvalar",
        "sexy": "SEKSİ",
        "pp": "PP",
        "venus": "VENÜS",
        "kingmaker": "kral yapıcı",
        "jili": "JILI",
        "jdp": "JDP",
        "fc": "FC",
        "cardandboard": "Kart ve Tahta",
        "Usernameisempty": "kullanıcı adı boş",
        "passwordisempty": "şifre boş",
        "Loading": "Yükleniyor...",
        "Disclaimer": "Feragatname : Kumar oynamanın finansal bir risk içerdiğini ve sınırlar dahilinde uygulanmadığı takdirde zamanla bağımlılık yapabileceğini lütfen unutmayın. Hizmetleri yalnızca 18+ kişi kullanmalı ve sorumlu bir şekilde kullanmalıdır. Oyuncular herhangi bir finansal riskin farkında olmalı ve kendilerini buna göre yönetmelidir.",
        "Browservirsion": "Web sitemiz, şu tarayıcıların en son ve en son önceki sürümlerinde en iyi şekilde çalışır: Google Order. Firefox",
        "poweredby": "Tarafından desteklenmektedir",
        "MainBalance": "Ana denge",
        "Exposure": "Maruziyet",
        "myaccount": "Hesabım",
        "Accountstatement": "Hesap ekstresi",
        "DwRequests": "D/W İstekleri",
        "OneClickBet": "Tek Tıkla Bahis",
        "InternationalCasino": "Uluslararası Kumarhane",
        "Aura": "Hint Kumarhanesi",
        "Betgames": "Bahis oyunları",
        "Twain": "ikiz",
        "Sportbook": "spor bahisleri",
        "Sportbooks": "Spor bahisleri",
        "OtherGames": "Diğer Oyunlar",
        "M8Sport": "M8 Spor",
        "WSSport": "WS Spor",
        "othersports": "Diğer sporlar",
        "HorseRacing": "At yarışı",
        "GreyHoundRacing": "Tazı Yarışı",
        "ExchangeGames": "Takas Oyunları",
        "Interface": "Arayüz",
        "SKYInterface": "SKY Interface",
        "DiamondInterface": "Elmas Arayüzü",
        "LotusInterface": "Lotus Arayüzü",
        "LcInterface": "Lc Arayüz",
        "Highlight": "Vurgulamak",
        "News": "Haberler",
        "multimarkets": "Çoklu Pazarlar",
        "birthday": "Doğum günü",
        "address": "Adres",
        "towncity": "Kasaba/Şehir",
        "country": "Ülke",
        "countrystate": "Ülke devlet",
        "postcode": "Posta kodu",
        "contactdetails": "İletişim detayları",
        "primarynumber": "Birincil Numara",
        "currency": "Para birimi",
        "commission": "komisyon",
        "welcome": "Hoş geldin",
        "Viewyouraccountdetailshere": "Hesap ayrıntılarınızı burada görüntüleyin. Fonları yönetebilir, ayarlarınızı gözden geçirip değiştirebilir ve bahis etkinliğinizin performansını görebilirsiniz.",
        "date": "Tarih",
        "debits": "borçlar",
        "credits": "Kredi",
        "fromto": "Kimden/Kime",
        "next": "Sonraki",
        "comingup": "Geliyor",
        "dayafter": "Ertesi gün",
        "noracesavailableyet": "Henüz yarış yok",
        "race19in7min": "Yarışlar 19 (7 dakika sonra)",
        "betstatus": "Bahis Durumu",
        "unmatched": "Eşsiz",
        "market": "Pazar",
        "selection": "Pazar",
        "type": "Tip",
        "betid": "Bahis Kimliği",
        "avgoddsmatched": "Ort. oranlar eşleşti",
        "datematched": "Eşleşme tarihi",
        "matchodds": "Maç oranları",
        "Youhavenobetsinthistimeperiod": "Bu süre zarfında hiç bahsiniz yok",
        "gethistory": "Geçmişi Alın",
        "period": "Dönem",
        "loss": "Kayıp",
        "casinoprofit": "Kumarhane Kârı",
        "casinobetshistory": "Casino Bahisleri Geçmişi",
        "justfortoday": "Sadece bugünlük",
        "last7days": "Son 7 gün",
        "last30days": "Son 30 gün",
        "last2months": "Son 2 Ay",
        "last3months": "Son 3 Ay",
        "event": "Etkinlik",
        "betsettled": "Bahis Sonuçlandı",
        "profitloss": "Kar/kaybı",
        "bethistoryenableyou": "Bahis Geçmişi, yaptığınız bahisleri gözden geçirmenizi sağlar.",
        "specifythetimeperiodduringwhichyour": "Bahislerinizin oynandığı süreyi, bahislerin oynandığı pazar türlerini ve sporu belirtin..",
        "bettinghistoryisavailableonlineforthepast30days": "Bahis Geçmişi, son 30 gün için çevrimiçi olarak mevcuttur",
        "accountdetails": "hesap detayları",
        "aboutyou": "Senin hakkında",
        "edit": "Senin hakkında",
        "languages": "Diller",
        "english": "İngilizce",
        "bangla": "Bangladeş",
        "oddsformat": "Oran Formatı",
        "commcharged": "iletişim ücreti",
        "summary": "Özet",
        "transaction": "işlem",
        "remarks": "Notlar",
        "getstatement": "Bildirimi Alın",
        "datetime": "Tarih/Saat",
        "liability": "Yükümlülük",
        "oddsmatched": "Oranlar eşleşti",
        "oddsreq": "Oranlar gerekli",
        "pokerreport": "Poker Raporları",
        "betamount": "Bahis Miktarı",
        "logindate": "Giriş Tarihi",
        "time": "Zaman",
        "slotbets": "Slot Bahisleri",
        "slotbetshistory": "Slot Bahisleri Geçmişi",
        "slotprofit": "Slot Karı",
        "totalpl": "Toplam K/Z",
        "starttime": "Başlangıç saati",
        "settleddate": "Yerleşim Tarihi",
        "placed": "yerleştirildi",
        "totalstakes": "Toplam Bahis",
        "yessubtotal": "Evet Ara toplam",
        "nosubtotal": "Ara toplam yok",
        "rebate": "İndirim",
        "marketsubtotal": "Pazar ara toplamı",
        "netmarkettotal": "Net Pazar Toplamı",
        "mainwallet": "Ana Cüzdan",
        "betprofit": "Bahis Karı",
        "lossenablesyoutoreview": "Kayıp, yaptığınız bahisleri gözden geçirmenizi sağlar.",
        "selectlanguage": "Dil Seçin",
        "pokerbalance": "Poker Bakiyesi",
        "recall": "Hatırlamak",
        "casinobalance": "Kumarhane Bakiyesi",
        "housebalance": "Ev Dengesi",
        "default": "Varsayılan",
        "highlightwhenoddschanges": "Oranlar Değiştiğinde Vurgula",
        "requesttype": "İstek Türü",
        "selecttype": "Tür Seçin",
        "requeststatus": "Istek durumu",
        "selectstatus": "Durum Seç",
        "getrequest": "İstek Al",
        "referenceno": "Referans Numarası",
        "status": "Durum",
        "paymentmethod": "Ödeme yöntemi",
        "newpassowrdrequired": "Yeni Şifre gerekli",
        "newpassmustbe5charlong": "Yeni Şifre alanı en az 5 karakter uzunluğunda olmalıdır.",
        "newpassconfirm": "Yeni Şifre Onayla",
        "newpassrequired": "Yeni Şifre gerekli.",
        "newpassandretypepasssame": "Yeni parola ve yeniden yazma parolası aynı olmalıdır!",
        "oldpassrequired": "Eski Şifre gereklidir.",
        "settled": "yerleşik",
        "slotsbets": "Slot Bahisleri",
        "voided": "geçersiz",
        "usercancel": "Kullanıcı İptal",
        "skyexchange": "SKYEXCHANGE",
        "addbankdetails": "Banka Detaylarını Ekleyin",
        "AccountHolder": "Hesap sahibi",
        "bankname": "Banka adı",
        "confirmation": "Onayla",
        "selectprovider": "Sağlayıcı Seçin",
        "addingupidetailsismandatoryforprocessing": "Para çekme işlemleri için UPI Ayrıntılarının eklenmesi zorunludur.",
        "addyourupi": "UPI'nizi Ekleyin",
        "name": "İsim",
        "addupidetails": "UPI Ayrıntılarını Ekle",
        "upidetails": "UPI Ayrıntıları",
        "spanish":"Spanish"
    }
]